Fruit_Type,Sugar_content,boxes,price,total_cost
coconuts,65,216,466.56000000000006,100776.96
dates,45,150,225.0,33750.0
peaches,25,83,68.89000000000001,5717.870000000001
Avocado,24,80,64.0,5120.0
mangoes,17,56,31.359999999999996,1756.1599999999999
grapes,10,33,10.889999999999999,359.36999999999995
pineapples,6,20,4.0,80.0
apples,5,16,2.5600000000000005,40.96000000000001
oranges,4,13,1.6900000000000002,21.970000000000002
cucumber,2,6,0.36,2.16
